,Image,Accuracy,F1,Jaccard,Recall,Precision
0,new_data\test\image\adult-baby-background-bump-41286_0,0.973175048828125,0.9823017758627632,0.9652191116826591,0.9702869871323164,0.9946178467309535
1,new_data\test\image\adult-caucasian-child-daughter-41316_0,0.98089599609375,0.9845546508758944,0.9695791622120712,0.9932050675759763,0.9760536164175819
2,new_data\test\image\aircraft-women-fashion-pilot-48797_0,0.99188232421875,0.9959234965978054,0.991880094019964,0.996121951593372,0.9957251206619168
3,new_data\test\image\american-football-football-football-player-quarterback-159819_0,0.9851531982421875,0.9885079192601604,0.9772769733769266,0.9928584986238967,0.9841953009242926
4,new_data\test\image\american-football-referees-american-football-football-referees-decision-making-163454_0,0.9729766845703125,0.9848150974457468,0.9700844594594594,0.9975854641467482,0.9723675521918017
5,new_data\test\image\baby-boy-child-cuddle-40975_0,0.9999542236328125,0.9999771112925253,0.9999542236328125,1.0,0.9999542236328125
6,new_data\test\image\baby-child-cute-doll-41307_0,0.959991455078125,0.9740990990990991,0.9495060373216246,0.9938720796629644,0.9550975340449025
7,new_data\test\image\ball-bauble-christmas-decoration-41516_0,0.9854278564453125,0.9882419571293138,0.9767572040498442,0.9885462338046209,0.9879378677104104
8,new_data\test\image\ballerina-in-the-city-girl-beautiful-cute-161000_0,0.95599365234375,0.8077845907757931,0.6775491949910555,0.7067879636109167,0.942457231726283
9,new_data\test\image\baseball-player-running-sport-163209_0,0.9949951171875,0.9956890886628289,0.9914151856989557,0.9951659091506188,0.996212818557189
10,new_data\test\image\bass-guitar-musician-instrument-guitarist-159260_0,0.8200836181640625,0.900397867901099,0.818839689026826,0.9907791266196947,0.8251277287505806
11,new_data\test\image\beautiful-cute-dress-eyes-41537_0,1.0,1.0,1.0,1.0,1.0
12,new_data\test\image\beautiful-face-female-girl-41533_0,0.9924468994140625,0.9962090171781303,0.9924466689046907,0.9924466689046907,1.0
13,new_data\test\image\beautiful-woman-picnic-spring-vintage-val_0,0.9866180419921875,0.9926111902134077,0.9853307685874383,0.9928370384103281,0.9923854447439353
14,new_data\test\image\beverage-diet-drink-female-41556_0,0.9449462890625,0.9609202374247217,0.9247800525372138,0.9306590017413927,0.9932155571975549
15,new_data\test\image\black-and-white-silhouette-girl-playful-463193_0,0.9969940185546875,0.987516633926874,0.9753410940042558,0.9859547007465519,0.989083523736989
16,new_data\test\image\black-white-bw-nature-dress-157915_0,0.9959259033203125,0.9974669613972507,0.9949467229403638,0.9983477980135594,0.9965876777251185
17,new_data\test\image\box-christmas-claus-cute-41940_0,0.9449920654296875,0.970624424507623,0.9429254468597121,0.9834057097567822,0.9581711123266514
18,new_data\test\image\boy-child-fun-beach_0,0.9859466552734375,0.992847990681421,0.9857975573649149,0.9858279616321747,0.9999687152935287
19,new_data\test\image\boy-child-sad-alone-158305_0,0.9899749755859375,0.9914656482600055,0.9830757341576507,0.987987677013488,0.9949681927208259
20,new_data\test\image\brunette-cute-fashion-female-41366_0,0.999725341796875,0.9998626520365651,0.999725341796875,0.9998626520365651,0.9998626520365651
21,new_data\test\image\building-joy-planning-plans_0,0.9918060302734375,0.9028054298642534,0.8228307489277467,0.8414304993252362,0.97383834439672
22,new_data\test\image\call-calling-cell-cellphone-41515_0,0.9829864501953125,0.9914202390021315,0.9829864501953125,1.0,0.9829864501953125
23,new_data\test\image\child-girl-read-learn-159543_0,0.84033203125,0.8949059938936205,0.8098007852261161,0.9437783332627209,0.8508460333829877
24,new_data\test\image\cold-person-woman-water_0,0.9104766845703125,0.9522996495849493,0.9089427613608145,0.9995050687783732,0.9093520488176017
25,new_data\test\image\cute-dive-fun-goggles-41517_0,0.9740142822265625,0.9868302000603197,0.9740027783290336,0.9740027783290336,1.0
26,new_data\test\image\desk-office-workspace-coworking_0,0.98382568359375,0.9902170702894271,0.980623697583446,0.9995900722963404,0.9810182137371077
27,new_data\test\image\dirt-bike-motorcycle-exhaust-67557_0,0.7047576904296875,0.4637343754330534,0.3018581995309399,0.9772222871159911,0.30399709302325584
28,new_data\test\image\dog-dog-advisor-non-fiction-cocktail_0,0.9858245849609375,0.8974047487575925,0.8139022435897436,0.827326410099776,0.980453667953668
29,new_data\test\image\dots-dotted-color-cute-41512_0,0.8014068603515625,0.885996338568538,0.7953262356696913,0.9906564024211083,0.8013373051083788
30,new_data\test\image\fashion-woman-model-portrait_0,0.991119384765625,0.9952561051155815,0.990557006798306,0.9941864252214695,0.9963280893008682
31,new_data\test\image\food-man-person-eating_0,0.9307098388671875,0.9606502543305517,0.9242800686998716,0.9260713390694177,0.997911640802218
32,new_data\test\image\football-american-football-game-sport-163294_0,0.84075927734375,0.8764619536909891,0.7800910316925151,0.7954789634277365,0.9758026253360746
33,new_data\test\image\football-american-football-quarterback-runner-163439_0,0.9456634521484375,0.9673029777153404,0.9366764470525474,0.9946560416942047,0.9414140692021733
34,new_data\test\image\football-american-football-referee-referee-football-official-163039_0,0.99609375,0.9976863985539991,0.9953834779002038,0.9984804905844684,0.9968935686033701
35,new_data\test\image\girl-bicycle-garden-people-630770_0,0.9708709716796875,0.9748706675266893,0.9509733422363758,0.9540114391714329,0.9966624498694587
36,new_data\test\image\girl-blonde-wreath-water-160526_0,0.9730987548828125,0.9726941841555022,0.9468399469304065,0.9907553480153972,0.955279729853062
37,new_data\test\image\girl-cascada-water-waves-160588_0,0.981292724609375,0.9825385973907594,0.9656765306979479,0.9756463200769361,0.9895289460095243
38,new_data\test\image\girl-cat-kitten-fashion_0,0.996795654296875,0.9978416378885052,0.995692572764753,0.9981083581782667,0.9975750601097388
39,new_data\test\image\girl-dance-dress-flowers-163508_0,0.9925079345703125,0.9903283629129158,0.9808420149049905,0.9905039599669018,0.9901528281077675
40,new_data\test\image\girl-forest-nature-stroll-160627_0,0.989471435546875,0.9940433026002279,0.9881571494773699,1.0,0.9881571494773699
41,new_data\test\image\girl-in-leather-jacket-beautiful-hair-model-160974_0,0.9941253662109375,0.9950696018543419,0.990187582832093,0.9973302528558593,0.992819176121844
42,new_data\test\image\girl-model-blonde-slav-157666_0,0.9643402099609375,0.9753171174786917,0.9518233729823332,0.9992209141274239,0.9525302745858519
43,new_data\test\image\girl-park-woman-greens-157854_0,0.899871826171875,0.8970795821700807,0.8133674630261661,0.9783783783783784,0.8282553290083411
44,new_data\test\image\girl-peasant-woman-tradition-water-158007_0,0.98779296875,0.9895471293804061,0.979310523185145,1.0,0.979310523185145
45,new_data\test\image\girl-portrait-face-woman-122426_0,0.985107421875,0.9904279941940293,0.9810374975714008,0.9810565583166566,0.9999801960590158
46,new_data\test\image\girl-rustic-grass-meadow-89779_0,0.999786376953125,0.9998931770666423,0.999786376953125,0.999786376953125,1.0
47,new_data\test\image\girl-sunset-lake-water-160534_0,0.987396240234375,0.9914119359534207,0.9829701255592438,0.9925884287885413,0.9902382287577627
48,new_data\test\image\girl-water-wet-summer-122436_0,1.0,0.0,0.0,0.0,0.0
49,new_data\test\image\girl-wild-water-rock-160440_0,0.9610137939453125,0.9616958757477175,0.9262179098443502,0.9941727109292666,0.9312737725385442
50,new_data\test\image\girl-woman-portrait-young-115015_0,1.0,1.0,1.0,1.0,1.0
51,new_data\test\image\girl-young-blue-eyes-eyes-39295_0,0.9680938720703125,0.979374019748069,0.959581706421309,0.9883334328774214,0.9705755845780871
52,new_data\test\image\girls-children-kids-friends-50581_0,0.979949951171875,0.9868082884908843,0.9739600879887438,0.9989024613320867,0.9750034717400361
53,new_data\test\image\girls-women-happy-sexy-53364_0,0.98614501953125,0.9783200420228261,0.9575601776115915,0.9805207236527232,0.9761292166952544
54,new_data\test\image\glamour-style-hat-woman-37649_0,0.97125244140625,0.9854166021611914,0.97125244140625,1.0,0.97125244140625
55,new_data\test\image\hammer-throw-athlete-track-and-field-training-37636_0,0.9937591552734375,0.9907346578166414,0.9816394325731729,0.9950400436840189,0.9864663689267831
56,new_data\test\image\hanging-out-trainer-young-79990_fk4fhyJJPf_0,0.9866180419921875,0.9827127397449291,0.9660130212370175,0.9779129070223617,0.9875599223485599
57,new_data\test\image\hiker-traveler-trip-travel-160483_0,0.989776611328125,0.9712100378136816,0.9440314092389942,0.9953320415712524,0.9482295687195839
58,new_data\test\image\james-stewart-man-person-actor-53487_0,0.986572265625,0.9931496185583061,0.9863924539972166,0.9864382142360091,0.9999529728967128
59,new_data\test\image\kickboxer-girl-kickboxing-athletic-girl-160920_0,0.9897613525390625,0.9762385353589008,0.9535800760982359,0.9747542606604908,0.977727337210952
60,new_data\test\image\love-old-people-the-heart-of-pension-160936_0,0.9887237548828125,0.17245240761478164,0.09436274509803921,0.3532110091743119,0.11407407407407408
61,new_data\test\image\man-selling-razors-black-and-white-older-68655_0,0.9950714111328125,0.9963823710589684,0.9927908222480135,0.9997302946530915,0.9930567958564029
62,new_data\test\image\man-stress-male-face_0,0.9196624755859375,0.9581342090824514,0.9196330443277567,0.9196330443277567,1.0
63,new_data\test\image\maternity-baby-belly-pregnant-pregnancy-160776_0,0.9729461669921875,0.9848273501347824,0.9701082375155949,0.9821126832681902,0.9875570658703189
64,new_data\test\image\model-fashion-girl-female-39678_0,0.9981842041015625,0.9990361172535012,0.998074090857596,0.9981710179175501,0.9999027174265517
65,new_data\test\image\motorbike-racing-motorcycle-race-51388_0,0.872344970703125,0.7136696556916969,0.5548105576841209,0.6093512565751023,0.8610835811034027
66,new_data\test\image\motorcycle-stunt-jump-motocross-38277_0,0.86016845703125,0.34654877353108954,0.2095911678454373,0.21550195104647038,0.8842794759825328
67,new_data\test\image\norway-mountain-sky-blue_0,0.99432373046875,0.9810126582278481,0.9627329192546584,0.9681644166834575,0.9942064969997931
68,new_data\test\image\nymph-forest-nature-elf_0,0.943756103515625,0.9678757560439943,0.9377512074847164,0.9582880317542497,0.977657270630491
69,new_data\test\image\peasant-farmer-farmer-romania-botiza-47862_0,0.921600341796875,0.9592008512395381,0.921600341796875,0.921600341796875,1.0
70,new_data\test\image\people-man-model-glasses-46503_0,0.992950439453125,0.9943386515697376,0.9887410440122825,0.9993841909500703,0.9893438025799215
71,new_data\test\image\people-mother-family-father_0,0.984405517578125,0.9894543503384514,0.9791288010292646,0.9917056219749307,0.9872132767779929
72,new_data\test\image\person-woman-eyes-face_0,1.0,1.0,1.0,1.0,1.0
73,new_data\test\image\person-woman-girl_0,0.996490478515625,0.9774907026815424,0.9559724349157733,0.9803690616411465,0.9746291959406713
74,new_data\test\image\person-woman-music-musician_0,0.986297607421875,0.9878405459567784,0.9759732441471571,0.9919506159410437,0.9837643949405324
75,new_data\test\image\pexels-photo-106684_0,0.9913787841796875,0.9701673794814932,0.9420631665299426,0.9724780353551392,0.9678676780446692
76,new_data\test\image\pexels-photo-108155_0,0.972625732421875,0.9684809726272884,0.9388881318980787,0.9896944234981507,0.948157831366748
77,new_data\test\image\pexels-photo-108261_0,0.9951629638671875,0.9451651963328144,0.8960314857330273,0.9088489687292083,0.9845045045045046
78,new_data\test\image\pexels-photo-10988_0,0.9855194091796875,0.9870597379221948,0.9744500982688528,0.9921328910939942,0.9820382027349686
79,new_data\test\image\pexels-photo-112362_0,0.621185302734375,0.0,0.0,0.0,0.0
80,new_data\test\image\pexels-photo-116079_0,0.900299072265625,0.9132731616671091,0.8403888902459877,0.9875136345369998,0.8494148437114216
81,new_data\test\image\pexels-photo-119972_0,0.9610443115234375,0.9615726176678658,0.9259892738077983,0.9692317028765627,0.9540336310146053
82,new_data\test\image\pexels-photo-122084_0,0.9820404052734375,0.9827825807112243,0.9661480054071155,0.9949942241047363,0.9708670520231214
83,new_data\test\image\pexels-photo-122101_0,0.978118896484375,0.9655255313010866,0.9333488264001859,0.9434343434343434,0.9886760868494904
84,new_data\test\image\pexels-photo-123335_0,0.975067138671875,0.8636742866677791,0.7600587371512482,0.7785800240673887,0.9696515548894717
85,new_data\test\image\pexels-photo-12628_0,0.993682861328125,0.9968314224923082,0.993682861328125,0.993682861328125,1.0
86,new_data\test\image\pexels-photo-128121_0,0.93389892578125,0.9139861806051942,0.8415971917507679,0.9908304274828877,0.8482034273079049
87,new_data\test\image\pexels-photo-128202_0,0.98187255859375,0.9711986035686578,0.944009802997455,0.9681005316578057,0.9743165677595097
88,new_data\test\image\pexels-photo-134993_0,0.9240570068359375,0.9543591295496437,0.9127025889286466,0.9891269222727014,0.9219525159461375
89,new_data\test\image\pexels-photo-136409_0,0.9932098388671875,0.9925198769561783,0.985150827549386,0.9872592295345104,0.9978368878223544
90,new_data\test\image\pexels-photo-137079_0,0.982757568359375,0.0,0.0,0.0,0.0
91,new_data\test\image\pexels-photo-138329_0,0.971099853515625,0.985338060660484,0.971099853515625,1.0,0.971099853515625
92,new_data\test\image\pexels-photo-141376_0,0.9832763671875,0.5898203592814372,0.4182590233545648,0.5502793296089385,0.635483870967742
93,new_data\test\image\pexels-photo-157023_0,0.9604034423828125,0.8103763244428206,0.6812039312039312,0.9928379588182632,0.6845679012345679
94,new_data\test\image\pexels-photo-167374_0,0.9805908203125,0.9866237617515301,0.973600647531287,0.983871644295302,0.9893913190196988
95,new_data\test\image\pexels-photo-167635_0,0.982391357421875,0.991117474099047,0.982391357421875,1.0,0.982391357421875
96,new_data\test\image\pexels-photo-168890_0,0.992218017578125,0.9731437598736177,0.9476923076923077,0.9967637540453075,0.9506172839506173
97,new_data\test\image\pexels-photo-169523_0,0.98370361328125,0.9319485153561871,0.8725689058584895,0.8911771874238362,0.9766292735042735
98,new_data\test\image\pexels-photo-173285_0,0.98297119140625,0.9708021558264873,0.9432609690375718,0.982836255760979,0.9590591884207805
99,new_data\test\image\pexels-photo-175353_0,0.949951171875,0.8379766844497135,0.721135861248087,0.793377607333271,0.8878886213754842
100,new_data\test\image\pexels-photo-175708_0,0.9796295166015625,0.9503735920597747,0.9054398640033999,0.9471695317131001,0.9535994032077583
101,new_data\test\image\pexels-photo-185930_0,0.9920654296875,0.9612576367158396,0.9254052503227658,0.9424397370343316,0.9808423293294816
102,new_data\test\image\pexels-photo-192454_0,0.9938812255859375,0.9924269607750562,0.9849677612835508,0.9923332577989274,0.9925206814490235
103,new_data\test\image\pexels-photo-192478_0,1.0,0.0,0.0,0.0,0.0
104,new_data\test\image\pexels-photo-193355_0,0.9973297119140625,0.9983343327336931,0.9966742051350272,0.9984008528784648,0.9982678214523651
105,new_data\test\image\pexels-photo-194087_0,0.91412353515625,0.954256546970756,0.9125149616825481,0.9329339033421801,0.9765766665003077
106,new_data\test\image\pexels-photo-194446_0,0.992523193359375,0.9956312410841655,0.9913004882379051,0.9935053380782918,0.9977662616154396
107,new_data\test\image\pexels-photo-204495_0,0.9945220947265625,0.9795056231089798,0.9598344148579101,0.9900750144258511,0.969159511974695
108,new_data\test\image\pexels-photo-206271_0,0.983428955078125,0.9845197707899763,0.9695115103874228,0.9796045726604828,0.9894845419902009
109,new_data\test\image\pexels-photo-206272_0,0.6175689697265625,0.5268007174549231,0.35758958322653406,0.9835037010927036,0.35974729241877257
110,new_data\test\image\pexels-photo-206273_0,0.9893951416015625,0.9946217004712783,0.9893009436721625,1.0,0.9893009436721625
111,new_data\test\image\pexels-photo-206296_0,0.9954833984375,0.9895258315640482,0.9792688051547835,0.992757739278614,0.9863148984198645
112,new_data\test\image\pexels-photo-206300_0,0.6436767578125,0.5230002451180652,0.35409636554738066,0.6719857225342502,0.4280889483363986
113,new_data\test\image\pexels-photo-206302_0,0.989990234375,0.9254375994544215,0.861222762851703,0.9585589828113963,0.8945286750164799
114,new_data\test\image\pexels-photo-206305_0,0.97808837890625,0.9700621273401993,0.9418647018339339,0.9919839679358717,0.9490882388936482
115,new_data\test\image\pexels-photo-206331_0,0.640167236328125,0.7739195459600414,0.631214324810384,1.0,0.631214324810384
116,new_data\test\image\pexels-photo-206336_0,0.91668701171875,0.9565328153361143,0.91668701171875,0.999168412999368,0.9173869223956266
117,new_data\test\image\pexels-photo-206342_0,0.90496826171875,0.9316250576378368,0.8720019729946359,0.9963835333348989,0.8747706327443663
118,new_data\test\image\pexels-photo-206345_0,0.96209716796875,0.7379193922768517,0.5846848353118208,0.8826350328117113,0.6339738941261784
119,new_data\test\image\pexels-photo-206354_0,0.981536865234375,0.972405929304447,0.9462938304482912,0.9960754999065595,0.9498351599394101
120,new_data\test\image\pexels-photo-206374_0,0.9935760498046875,0.992442330131945,0.9849980401240067,0.9913211877779372,0.9935660112864383
121,new_data\test\image\pexels-photo-206395_0,0.972198486328125,0.9750663710758957,0.9513458662678915,0.999466965913873,0.9518287958534826
122,new_data\test\image\pexels-photo-206396_0,0.71405029296875,0.8227091256551438,0.6988155124475659,0.7115318529185554,0.9750633507501177
123,new_data\test\image\pexels-photo-206487_0,0.812530517578125,0.8152203338847948,0.6880775870823601,0.6890222199623736,0.9980114891736632
124,new_data\test\image\pexels-photo-206514_0,0.7421875,0.8474649718330204,0.735305176087229,1.0,0.735305176087229
125,new_data\test\image\pexels-photo-206533_0,0.9487152099609375,0.9706629424344259,0.9429981513830707,0.998581203642176,0.9442632973303444
126,new_data\test\image\pexels-photo-206543_ridJMC97dj_0,0.99420166015625,0.9689593203724881,0.9397876723181746,0.981953642384106,0.9563044179297001
127,new_data\test\image\pexels-photo-206557_0,0.9979095458984375,0.9751586582048958,0.9515215852795471,0.9676142497301188,0.9828216374269005
128,new_data\test\image\pexels-photo-206560_0,1.0,1.0,1.0,1.0,1.0
129,new_data\test\image\pexels-photo-206585_0,0.964019775390625,0.9686835954101147,0.9392690653411286,0.9970473248216092,0.9418889950670214
130,new_data\test\image\pexels-photo-206592_0,0.9870147705078125,0.9904048888838778,0.9809921601036385,0.9960087082728593,0.9848637739656912
131,new_data\test\image\pexels-photo-207188_0,0.9965362548828125,0.9772339785377595,0.9554814669543048,0.9622753308315228,0.9926650366748166
132,new_data\test\image\pexels-photo-207688_0,0.9754638671875,0.9860938148609382,0.9725690890481065,0.979840164990977,0.9924278030184344
133,new_data\test\image\pexels-photo-207744_0,0.991668701171875,0.9918177731155402,0.9837683572150544,0.996716966356435,0.9869665066062214
134,new_data\test\image\pexels-photo-207789_0,0.5052032470703125,0.5046514825168416,0.3374808458473797,0.9121935056328695,0.3488121634463098
135,new_data\test\image\pexels-photo-207884_0,0.985870361328125,0.9841302485004284,0.9687563263378096,0.9742789277231082,0.9941828254847646
136,new_data\test\image\pexels-photo-208134_0,0.99456787109375,0.9972326731133982,0.9944806201550388,0.9960712455549171,0.99839681230252
137,new_data\test\image\pexels-photo-209230_0,0.976959228515625,0.9880071163071449,0.9762984821610762,0.9995660977726353,0.9767124148110926
138,new_data\test\image\pexels-photo-209840_0,0.9912872314453125,0.9928477484812426,0.9857970798199139,0.9946792490713784,0.9910229801705384
139,new_data\test\image\pexels-photo-210913_0,0.9002685546875,0.947076923076923,0.8994739918176505,0.9027646995260956,0.9959638277218618
140,new_data\test\image\pexels-photo-211046_0,0.9859771728515625,0.9841154610664592,0.968727668697043,0.996011475753971,0.9725002562087931
141,new_data\test\image\pexels-photo-212951_0,0.9806976318359375,0.9874228218614224,0.9751580849141824,0.9909796643317568,0.9838914206459283
142,new_data\test\image\pexels-photo-213155_cNJhKCTRzx_0,0.9719085693359375,0.9820265745052671,0.9646878296729644,0.9741613078174634,0.9900198814983957
143,new_data\test\image\pexels-photo-213496_0,1.0,0.0,0.0,0.0,0.0
144,new_data\test\image\pexels-photo-214574_0,0.98260498046875,0.9580079563872108,0.9194004524886877,0.9659065587164822,0.9502374862988674
145,new_data\test\image\pexels-photo-215305_0,0.9672698974609375,0.9814899510713392,0.9636526925814214,0.9976492465308844,0.9658457880434783
146,new_data\test\image\pexels-photo-215316_RI0FPinnir_0,0.9847412109375,0.9896327935474507,0.9794783393872232,0.9884850367608988,0.9907832188155191
147,new_data\test\image\pexels-photo-217860_0,0.8730621337890625,0.878186636990614,0.7828277554430115,0.9984351068788706,0.783789435165582
148,new_data\test\image\pexels-photo-219004_0,0.970428466796875,0.9843290099298121,0.9691416015158512,0.9998357289527721,0.969295940630325
149,new_data\test\image\pexels-photo-219596_0,0.962188720703125,0.9760157958922937,0.9531551287383266,0.9967972796647029,0.9560831310679612
150,new_data\test\image\pexels-photo-219621_0,0.9606475830078125,0.9793278132689949,0.9594929949111013,0.9950807121565051,0.9640659028501088
151,new_data\test\image\pexels-photo-220452_0,0.9486083984375,0.9572436906515005,0.9179936693450207,0.9983053540221363,0.9194264254011608
152,new_data\test\image\pexels-photo-220453_0,0.8069610595703125,0.8931692858530159,0.8069610595703125,1.0,0.8069610595703125
153,new_data\test\image\pexels-photo-221212_0,0.9877166748046875,0.9898249383808381,0.9798548548548549,0.9954492296740733,0.9842638445489053
154,new_data\test\image\pexels-photo-225600_0,0.9103851318359375,0.8408444215603913,0.7253939308925983,0.7266850906365637,0.9975565843621399
155,new_data\test\image\pexels-photo-225896_0,0.7331085205078125,0.8438791449100728,0.7299229498324661,0.9917757636790869,0.7343679607276569
156,new_data\test\image\pexels-photo-226273_0,0.9641265869140625,0.9124688186455192,0.8390277302293735,0.9701527986699391,0.8612594883328648
157,new_data\test\image\pexels-photo-235127_0,0.826873779296875,0.8743799822852082,0.7767985363838451,0.9985838201451585,0.7776552376075783
158,new_data\test\image\pexels-photo-235444_QuAkTRxqz5_0,0.9821014404296875,0.9901945213037191,0.9805794701986755,0.9998649447117414,0.9807093654788713
159,new_data\test\image\pexels-photo-235469_0,0.8558349609375,0.8595301813856676,0.7536632424258226,0.7836365115081194,0.9517005234912587
160,new_data\test\image\pexels-photo-235474_0,0.974609375,0.9755725190839695,0.9523099850968704,0.9867260579064588,0.9646683118014225
161,new_data\test\image\pexels-photo-235514_0,0.99041748046875,0.9816930970149254,0.9640444291766861,0.9720586537351346,0.9915204334000707
162,new_data\test\image\pexels-photo-235574_0,0.9892578125,0.9899044942208965,0.9800107896305971,0.9968518946395564,0.9830532611791513
163,new_data\test\image\pexels-photo-235837_0,1.0,0.0,0.0,0.0,0.0
164,new_data\test\image\pexels-photo-235922_0,0.9985504150390625,0.9545671927307509,0.9130832570905764,0.9559386973180076,0.9531996179560649
165,new_data\test\image\pexels-photo-236220_0,0.9762115478515625,0.9879127609920995,0.9761142349354212,0.98927035294483,0.9865588900244665
166,new_data\test\image\pexels-photo-237593_0,0.980743408203125,0.9793230002949176,0.9594837549762425,0.9751052236614571,0.983577423070594
167,new_data\test\image\pexels-photo-237738_0,0.95123291015625,0.8865459708910188,0.7962124593508895,0.964172650760559,0.8204875484591629
168,new_data\test\image\pexels-photo-239604_0,0.804840087890625,0.8918685852454304,0.804840087890625,0.804840087890625,1.0
169,new_data\test\image\pexels-photo-240177_0,0.9919891357421875,0.9769301753306675,0.9549007817197835,0.9909074701372794,0.9633417107201664
170,new_data\test\image\pexels-photo-240513_0,1.0,0.0,0.0,0.0,0.0
171,new_data\test\image\pexels-photo-245241_nqhmPJpFTU_0,0.9967193603515625,0.9358400477469412,0.8794167134043747,0.9256198347107438,0.9462884731442366
172,new_data\test\image\pexels-photo-247202_0,0.947967529296875,0.9435542607428987,0.8931402964495002,0.8941770722218736,0.998703483075198
173,new_data\test\image\pexels-photo-247204_0,0.9351654052734375,0.9664341520061301,0.935048457611055,0.9996404700037588,0.9353630191449018
174,new_data\test\image\pexels-photo-247885_0,0.9951171875,0.9972478800075684,0.9945108667684444,0.9981406559352672,0.9963566997198783
175,new_data\test\image\pexels-photo-247917_0,0.9937286376953125,0.9960782068531189,0.9921870544625035,0.9984505021520803,0.9937171578706877
176,new_data\test\image\pexels-photo-248023_0,0.9927825927734375,0.40801001251564456,0.2562893081761006,0.2575039494470774,0.9819277108433735
177,new_data\test\image\pexels-photo-249100_0,0.9944610595703125,0.8564650059311981,0.7489626556016598,0.7489626556016598,1.0
178,new_data\test\image\pexels-photo-249613_0,0.9728546142578125,0.9840917829901009,0.9686817829730301,0.988449378458001,0.9797724399494311
179,new_data\test\image\pexels-photo-249757_0,0.987518310546875,0.9934938915754645,0.9870718948050511,0.9991680931735646,0.9878837727970137
180,new_data\test\image\pexels-photo-255311_0,0.9987945556640625,0.9993969143389342,0.9987945556640625,0.9987945556640625,1.0
181,new_data\test\image\pexels-photo-257283_0,0.9873046875,0.9913308048180719,0.982810627660014,0.9923441183219642,0.9903195586551473
182,new_data\test\image\pexels-photo-257357_0,0.9963531494140625,0.9975490447427523,0.9951100744741795,0.9961291115389341,0.9989730318154744
183,new_data\test\image\pexels-photo-258641_0,0.9593963623046875,0.9752637694631653,0.9517217605863784,0.9988575128053773,0.9527589087870972
184,new_data\test\image\pexels-photo-259806_0,0.9865875244140625,0.9879408980532576,0.976169174461163,0.9873584336523432,0.9885240500768724
185,new_data\test\image\pexels-photo-260175_0,0.9914398193359375,0.9954714605145261,0.9909837514665467,0.9990926177976538,0.9918764578138825
186,new_data\test\image\pexels-photo-26138_0,0.985137939453125,0.9535659801678108,0.91125284738041,0.9726706866368411,0.9351973069010661
187,new_data\test\image\pexels-photo-262172_0,0.98748779296875,0.9909911889433324,0.982143246009451,0.9944216607134982,0.9875843041079092
188,new_data\test\image\pexels-photo-262214_0,0.999176025390625,0.9995849857050632,0.9991703157409542,0.999201020235699,0.9999692463826058
189,new_data\test\image\pexels-photo-264165_0,0.99481201171875,0.9973954343496246,0.9948044009779952,0.9997696383321816,0.9950324799388612
190,new_data\test\image\pexels-photo-264216_0,0.99725341796875,0.9986248204626715,0.99725341796875,0.99725341796875,1.0
191,new_data\test\image\pexels-photo-265720_hIUI3020WU_0,0.9800567626953125,0.9776110454459804,0.9562026673815428,0.9912460485635878,0.964346062859074
192,new_data\test\image\pexels-photo-265819_0,0.7190704345703125,0.6924888510297139,0.5296236682762321,0.9948171609559459,0.5310890784720621
193,new_data\test\image\pexels-photo-267447_0,0.6397247314453125,0.7802830794427746,0.6397247314453125,0.6397247314453125,1.0
194,new_data\test\image\pexels-photo-267751_nvo8tdciLn_0,0.9893341064453125,0.9930476124168249,0.9861912287633346,0.9889850823147176,0.9971436561201662
195,new_data\test\image\pexels-photo-267778_0,0.9971771240234375,0.9973993842866581,0.9948122598917585,0.9987050278700523,0.9960971500772147
196,new_data\test\image\pexels-photo-268004_0,0.9927825927734375,0.9658951618718005,0.9340398828615256,0.9710060887213685,0.960837756419452
197,new_data\test\image\pexels-photo-268791_0,0.989959716796875,0.9876917321361766,0.9756827672863003,0.9867688282564007,0.9886163639767833
198,new_data\test\image\pexels-photo-269393_0,0.991943359375,0.9938513135830073,0.9877777777777778,0.9959157000490116,0.9917954677513073
199,new_data\test\image\pexels-photo-270789_0,0.98773193359375,0.9924492862509391,0.9850117445285411,0.9969433962264151,0.9879955123410621
200,new_data\test\image\pexels-photo-270856_0,1.0,1.0,1.0,1.0,1.0
201,new_data\test\image\pexels-photo-270968_0,0.987396240234375,0.9913098369279326,0.9827694104885477,0.9954150732109278,0.9872383227509901
202,new_data\test\image\pexels-photo-271821_0,0.923797607421875,0.9603896000888339,0.923797607421875,0.923797607421875,1.0
203,new_data\test\image\pexels-photo-274078_0,0.9208831787109375,0.9041642792451435,0.8250910808257995,0.9277775670447218,0.8817231434751261
204,new_data\test\image\pexels-photo-274643_0,0.9951934814453125,0.997372438127174,0.9947586482304198,0.9978968452679019,0.9968485818618378
205,new_data\test\image\pexels-photo-275583_0,0.9690704345703125,0.955149905963049,0.9141501842361611,0.9335236365209117,0.977801938932681
206,new_data\test\image\pexels-photo-276080_0,0.9147186279296875,0.9525031656057992,0.9093136459516469,0.9930361129815359,0.915149337818639
207,new_data\test\image\pexels-photo-277062_0,0.932464599609375,0.9314287484894493,0.8716580641419707,0.8923853347187175,0.9740449110527851
208,new_data\test\image\pexels-photo-284006_0,0.981719970703125,0.9888638941047426,0.9779730822975656,0.9939826580953804,0.9837975807346576
209,new_data\test\image\pexels-photo-285977_0,0.9962005615234375,0.9944196678693888,0.9889012703365277,0.994575693728426,0.9942636909563503
210,new_data\test\image\pexels-photo-300849_0,0.899566650390625,0.7629645635263613,0.616768558951965,0.9753245557499309,0.6265452179570592
211,new_data\test\image\pexels-photo-300968_0,0.99609375,0.997528241768852,0.995068672586828,0.9970276582192971,0.9980293282327711
212,new_data\test\image\pexels-photo-301279_0,0.9932861328125,0.9958925337465694,0.9918186720217177,0.9942775126752162,0.9975128099637207
213,new_data\test\image\pexels-photo-301342_0,0.990753173828125,0.9854165663955335,0.9712523719165085,0.9916690884432819,0.9792423952554047
214,new_data\test\image\pexels-photo-302053_0,0.988555908203125,0.9909053428079451,0.9819746202653336,0.9951288421257733,0.986717542503864
215,new_data\test\image\pexels-photo-304648_0,0.9953460693359375,0.9950878549226135,0.9902237322905314,0.9981260702400568,0.9920680796403339
216,new_data\test\image\pexels-photo-305832_0,0.9831695556640625,0.7868599033816425,0.6486142083466072,0.8088994835121176,0.7659894657637322
217,new_data\test\image\pexels-photo-306980_0,0.991119384765625,0.9082597730138714,0.8319376263355472,0.8698671497584541,0.950197889182058
218,new_data\test\image\pexels-photo-310386_0,1.0,0.0,0.0,0.0,0.0
219,new_data\test\image\pexels-photo-310825_0,0.9895782470703125,0.0,0.0,0.0,0.0
220,new_data\test\image\pexels-photo-313690_0,0.87335205078125,0.8802896125998788,0.7861761599299276,0.999803426923959,0.7862976991059236
221,new_data\test\image\pexels-photo-314373_0,0.9983367919921875,0.9885636344559857,0.9773858921161825,0.9843292937735061,0.9928345626975764
222,new_data\test\image\pexels-photo-318209_0,0.9957275390625,0.9956314163572253,0.9913008357411377,0.9948243070495433,0.9964398363573904
223,new_data\test\image\pexels-photo-318236_0,0.8114013671875,0.8015923975857198,0.668881268752679,0.8013351306245587,0.8018498297899672
224,new_data\test\image\pexels-photo-318377_0,0.9147796630859375,0.9488604627738964,0.9026969580821631,1.0,0.9026969580821631
225,new_data\test\image\pexels-photo-319961_0,0.9977264404296875,0.9978887708111938,0.995786437418698,0.9960399400333777,0.9997444778831412
226,new_data\test\image\pexels-photo-321576_0,0.992156982421875,0.980217073358479,0.9612016908212561,0.998431864513094,0.9626549742969459
227,new_data\test\image\pexels-photo-322484_0,0.935821533203125,0.9031277350407665,0.8233663698975306,0.9525336442695428,0.8585942631924677
228,new_data\test\image\pexels-photo-325523_0,0.9956817626953125,0.9958251582161771,0.991685030116057,0.996663221615237,0.9949885030363775
229,new_data\test\image\pexels-photo-325686_nlDONZXWsV_0,1.0,1.0,1.0,1.0,1.0
230,new_data\test\image\pexels-photo-326603_0,0.9921417236328125,0.995880098877627,0.9917940056406253,0.9962706275909534,0.995489876211496
231,new_data\test\image\pexels-photo-327253_0,0.9961700439453125,0.9913379576905822,0.9828246886547146,0.9952189578713969,0.9874871089721554
232,new_data\test\image\pexels-photo-327538_0,0.9842071533203125,0.9920407268700446,0.9842071533203125,0.9842071533203125,1.0
233,new_data\test\image\pexels-photo-333994_12TQ3nQsnH_0,1.0,0.0,0.0,0.0,0.0
234,new_data\test\image\pexels-photo-339800_0,0.9971771240234375,0.9972792117067432,0.9945731886183632,0.9970299358936658,0.9975286121980641
235,new_data\test\image\pexels-photo-341004_8AgutZKy5e_0,0.988128662109375,0.9762312110472932,0.9535660996717398,0.9620641897994822,0.9908217054263566
236,new_data\test\image\pexels-photo-341392_0,0.98876953125,0.9292715740918701,0.8678872733800036,0.9767676767676767,0.8861803519061584
237,new_data\test\image\pexels-photo-346692_0,0.8768310546875,0.5099562894609033,0.34224250325945244,0.3422982885085575,0.9995240361732508
238,new_data\test\image\pexels-photo-346693_0,0.993316650390625,0.9817241091546357,0.964104245205704,0.9841880699406007,0.9792724548405893
239,new_data\test\image\pexels-photo-346736_0,0.985748291015625,0.9906437200729269,0.9814608971814212,0.9985863155343727,0.9828264758497317
240,new_data\test\image\pexels-photo-346750_0,0.767364501953125,0.0,0.0,0.0,0.0
241,new_data\test\image\pexels-photo-346808_0,0.9832305908203125,0.9204372692391226,0.8526019313304721,0.9233115468409586,0.917580831408776
242,new_data\test\image\pexels-photo-346842_0,0.98590087890625,0.980538354606344,0.9618197595140696,0.991734480848707,0.9695922022743366
243,new_data\test\image\pexels-photo-347024_0,0.7708282470703125,0.634155847319319,0.46429590526465975,0.46429590526465975,1.0
244,new_data\test\image\pexels-photo-351699_0,0.9784698486328125,0.9147586540204192,0.8429080382988199,0.8550937429410436,0.983374464216132
245,new_data\test\image\pexels-photo-354946_0,0.99261474609375,0.9930906495360456,0.9862761221538549,0.9896998150519277,0.9965047987394356
246,new_data\test\image\pexels-photo-354957_0,0.992950439453125,0.9946373850868233,0.9893319786639573,0.9976017509546429,0.9916905842051662
247,new_data\test\image\pexels-photo-354972_0,0.9864501953125,0.9926190674091929,0.9853462928431163,1.0,0.9853462928431163
248,new_data\test\image\pexels-photo-355005_0,0.9822540283203125,0.9808285116133393,0.962378287451881,0.9679833409253595,0.9940191787229777
249,new_data\test\image\pexels-photo-355036_0,1.0,1.0,1.0,1.0,1.0
250,new_data\test\image\pexels-photo-356170_D2OYiQ5pj5_0,0.9962158203125,0.9942376504484409,0.9885413297601996,0.9905551182925135,0.9979476654694716
251,new_data\test\image\pexels-photo-356176_0,0.9959564208984375,0.9923301785765969,0.9847771139705882,0.9939123376623377,0.9907530486042883
252,new_data\test\image\pexels-photo-356842_0,0.986083984375,0.9721968172672398,0.9458978465919202,0.9961266945711251,0.9493896993152724
253,new_data\test\image\pexels-photo-357275_0,0.5037994384765625,0.6674302778658431,0.5008595548733692,0.9991426559294528,0.5010749055618685
254,new_data\test\image\pexels-photo-364362_0,0.9847564697265625,0.9923142613151152,0.9847457627118644,0.9918335332656639,0.9927954555950677
255,new_data\test\image\pexels-photo-371163_0,0.99151611328125,0.9951784661278573,0.990403203534935,0.9975660639777468,0.9928022700532909
256,new_data\test\image\pexels-photo-371218_0,0.903839111328125,0.9460001370989854,0.8975334536526673,0.9968757900819879,0.9000652209359205
257,new_data\test\image\pexels-photo-371248_0,0.984649658203125,0.989643813053325,0.9794999286776843,0.9966616903043874,0.9827240758913968
258,new_data\test\image\pexels-photo-372021_0,0.968963623046875,0.9810275352585628,0.9627615752183226,0.9688634228126094,0.9935009729648032
259,new_data\test\image\pexels-photo-373899_0,0.99810791015625,0.996167635059958,0.9923645320197044,0.9978947368421053,0.9944465012958164
260,new_data\test\image\pexels-photo-374632_0,0.989471435546875,0.9866216845044207,0.9735966019974744,0.9957341891045711,0.9776744543498309
261,new_data\test\image\pexels-photo-374810_0,0.991058349609375,0.9951251164647944,0.9902975313343378,0.9960863338107451,0.9941657524683355
262,new_data\test\image\pexels-photo-374849_0,0.86566162109375,0.8476869312480537,0.7356394318830135,0.7506281022121454,0.9735733587664918
263,new_data\test\image\pexels-photo-374882_0,0.9698333740234375,0.9774667472104129,0.955926611231246,0.9737266389626905,0.9812356979405035
264,new_data\test\image\pexels-photo-374912_0,0.9994659423828125,0.0,0.0,0.0,0.0
265,new_data\test\image\pexels-photo-375382_0,0.993194580078125,0.9926492402017338,0.9854057591623037,0.9890304781923279,0.9962945808244558
266,new_data\test\image\pexels-photo-375880_0,0.9968109130859375,0.9983618507167883,0.9967290597220483,1.0,0.9967290597220483
267,new_data\test\image\pexels-photo-377945_0,0.9796600341796875,0.9799858865216281,0.9607571832312765,0.9783846984050846,0.9815923241194694
268,new_data\test\image\pexels-photo-378153_0,0.981903076171875,0.9532850165432488,0.9107398208775495,0.9880787131542419,0.9208583821626969
269,new_data\test\image\pexels-photo-384273_0,0.99591064453125,0.9921815741875255,0.9844844555085972,0.9908518820650274,0.9935148399158682
270,new_data\test\image\pexels-photo-386133_0,0.99884033203125,0.9994198296131179,0.99884033203125,0.99884033203125,1.0
271,new_data\test\image\pexels-photo-386140_0,0.9750823974609375,0.8841268714964876,0.7923184535164696,0.9711613406079501,0.8114092211513415
272,new_data\test\image\pexels-photo-388517_0,0.996307373046875,0.9981487997796918,0.996304440779427,0.996304440779427,1.0
273,new_data\test\image\pexels-photo-388622_0,0.91558837890625,0.9214450029820227,0.8543328856939727,0.8560460146170286,0.9976630484917438
274,new_data\test\image\pexels-photo-395196_0,0.990936279296875,0.9266847691927919,0.8633854645814167,0.9380309845077461,0.915609756097561
275,new_data\test\image\pexels-photo-406197_0,0.9457550048828125,0.9148727281434832,0.8431017742077853,0.934771971031513,0.8958030480656507
276,new_data\test\image\pexels-photo-411468_0,0.8517303466796875,0.8640503672612802,0.7606414425066509,0.9937246572697432,0.7643127645355313
277,new_data\test\image\pexels-photo-412840_0,0.9849090576171875,0.9919031986049596,0.9839364604989606,0.9981216944293411,0.9857617079441533
278,new_data\test\image\pexels-photo-413744_0,1.0,0.0,0.0,0.0,0.0
279,new_data\test\image\pexels-photo-413948_0,0.968505859375,0.9735933062101788,0.9485453593598085,0.9500611750605509,0.9983207829349566
280,new_data\test\image\pexels-photo-413979_0,0.9699249267578125,0.9824894945851582,0.965581671497922,0.9992049007029401,0.9663241410646255
281,new_data\test\image\pexels-photo-414012_0,0.9815826416015625,0.9462001337196345,0.897893579223416,0.9216741924279264,0.9720670391061452
282,new_data\test\image\pexels-photo-414029_0,0.8841094970703125,0.9128704011747295,0.8397070617534085,0.9989454919782068,0.8404520490071821
283,new_data\test\image\pexels-photo-414192_0,0.9533538818359375,0.9736285918858533,0.9486123485014036,0.9950452277255656,0.9531144439940549
284,new_data\test\image\pexels-photo-415188_0,0.9874114990234375,0.9844489265046842,0.9693741183458312,0.9744020299264898,0.9947051653207375
285,new_data\test\image\pexels-photo-415274_0,0.976715087890625,0.9797628835901653,0.9603286018821817,0.9781543757447372,0.981376690311097
286,new_data\test\image\pexels-photo-415556_0,0.996826171875,0.9980998666252535,0.9962069405693237,0.9971889089681105,0.9990124901706198
287,new_data\test\image\pexels-photo-416747_0,0.9101715087890625,0.9044643871407475,0.8255910410618,0.9375567742152542,0.8736284406545864
288,new_data\test\image\pexels-photo-42157_0,0.9838104248046875,0.0,0.0,0.0,0.0
289,new_data\test\image\pexels-photo-423366_0,0.89300537109375,0.915405959705634,0.8440079197348224,0.9938960494603374,0.8484055637550875
290,new_data\test\image\pexels-photo-424706_0,0.409423828125,0.5809804261216005,0.409423828125,0.409423828125,1.0
291,new_data\test\image\pexels-photo-428333_0,0.971466064453125,0.9845244794597636,0.9695206428373511,1.0,0.9695206428373511
292,new_data\test\image\pexels-photo-432498_0,1.0,1.0,1.0,1.0,1.0
293,new_data\test\image\pexels-photo-432689_0,0.2614898681640625,0.3981047369141038,0.24852107755609038,1.0,0.24852107755609038
294,new_data\test\image\pexels-photo-439851_0,0.9900054931640625,0.9834223380830655,0.9673853507942041,0.9703810998451626,0.9968188814776808
295,new_data\test\image\pexels-photo-442544_0,0.933807373046875,0.9627204289986594,0.9281204951036437,0.9967080679027723,0.9309743044244257
296,new_data\test\image\pexels-photo-450276_0,0.986083984375,0.9673446004010312,0.936754507628294,0.9546289752650177,0.9804035418783568
297,new_data\test\image\pexels-photo-45720_0,0.81500244140625,0.15323369185640454,0.08297405642538386,0.16952557564518622,0.1397986491652861
298,new_data\test\image\pexels-photo-458508_0,0.993408203125,0.996073655317834,0.9921780224157598,0.9927532293421744,0.9994163672509073
299,new_data\test\image\pexels-photo-458713_0,0.9600830078125,0.9740104911778732,0.949337671392052,0.9852276153150437,0.9630459126539753
300,new_data\test\image\pexels-photo-458771_0,0.983612060546875,0.9801654724089532,0.9611024591648256,0.973584767215761,0.9868357443010672
301,new_data\test\image\pexels-photo-460273_0,0.9931793212890625,0.9618372748228464,0.9264802631578948,0.9380516236469608,0.9868605466012614
302,new_data\test\image\pexels-photo-460550_0,0.9924468994140625,0.9945386541919966,0.9891366369661589,0.9952084437378556,0.9938697655957133
303,new_data\test\image\pexels-photo-462475_0,0.908111572265625,0.9318947773178621,0.87247469399856,0.9834343820117439,0.8854883081155434
304,new_data\test\image\pexels-photo-462620_0,0.9958343505859375,0.9882615986584684,0.9767955801104973,0.9777097158414156,0.9990437277232026
305,new_data\test\image\pexels-photo-47296_0,0.9712371826171875,0.9821612771957717,0.964947840154713,0.995969444551073,0.9687307484085351
306,new_data\test\image\pexels-photo-530024_0,0.92230224609375,0.90145914773387,0.8205968361343058,0.999871211470765,0.8206835799859056
307,new_data\test\image\pexels-photo-531474_0,0.9873046875,0.1297071129707113,0.06935123042505593,0.16489361702127658,0.10689655172413794
308,new_data\test\image\pexels-photo-532290_0,0.9727630615234375,0.9764527405843941,0.9539889160974352,0.9998108976956533,0.9541610807466226
309,new_data\test\image\pexels-photo-532301_0,0.90447998046875,0.9367344463758742,0.8809976427648087,0.9996764382320585,0.8812489303846812
310,new_data\test\image\pexels-photo-532400_0,0.9705657958984375,0.9793391527874471,0.959514764833043,0.986662638121547,0.9721235833209296
311,new_data\test\image\pexels-photo-534256_0,0.985931396484375,0.9927903412467549,0.985683896712886,0.9999212424786567,0.985760427342464
312,new_data\test\image\pexels-photo-546162_0,0.96630859375,0.9646979822850382,0.9318034407140872,0.9603679887948049,0.9690671977386612
313,new_data\test\image\pexels-photo-547116_0,0.9925079345703125,0.9784242211187767,0.9577598072952512,0.9913624220837044,0.9658193805847142
314,new_data\test\image\pexels-photo-551576_0,0.997772216796875,0.9273631840796019,0.8645640074211502,0.9893842887473461,0.8726591760299626
315,new_data\test\image\pexels-photo-551594_0,1.0,0.0,0.0,0.0,0.0
316,new_data\test\image\pexels-photo-551657_0,1.0,0.0,0.0,0.0,0.0
317,new_data\test\image\pexels-photo-551855_0,0.9928436279296875,0.8990312163616793,0.8165819319515056,0.8169014084507042,0.9995213020584012
318,new_data\test\image\pexels-photo-55529_0,1.0,0.0,0.0,0.0,0.0
319,new_data\test\image\pexels-photo-561652_0,0.9604339599609375,0.9594266848174748,0.9220173829358516,0.9508125542736633,0.9681983262276962
320,new_data\test\image\pexels-photo-562624_0,0.9942626953125,0.994240548985969,0.9885470606152909,0.9910526155067639,0.9974490579955128
321,new_data\test\image\pexels-photo-570093_0,0.9936981201171875,0.9549863760217984,0.9138506466416354,0.9266074450084603,0.9851585338430403
322,new_data\test\image\pexels-photo-573238_0,0.9900360107421875,0.9456059975010412,0.896824142834571,0.9087415946205571,0.9855877756554957
323,new_data\test\image\pexels-photo-573253_0,0.98968505859375,0.9857257485535706,0.9718532705999917,0.9780841434797184,0.9934876989869754
324,new_data\test\image\pexels-photo-573565_0,0.999298095703125,0.9319526627218935,0.8725761772853186,0.987460815047022,0.8823529411764706
325,new_data\test\image\pexels-photo-582429_0,0.9566802978515625,0.9493822097812328,0.9036418558870448,0.9662831633578921,0.9330623116282329
326,new_data\test\image\pexels-photo-582431_0,0.9908905029296875,0.9907305333436845,0.9816313344204793,0.9879846401585533,0.9934917323202441
327,new_data\test\image\pexels-photo-584306_0,0.9884796142578125,0.991835454673256,0.9838031492684601,0.9941252980706698,0.9895561357702349
328,new_data\test\image\pexels-photo-58571_MX1VrmUxeW_0,0.9949493408203125,0.9814472282943781,0.9635703279771076,0.969438600376481,0.9937570942111237
329,new_data\test\image\pexels-photo-58572_0,0.990692138671875,0.9447963800904977,0.8953687821612349,0.9740623250606456,0.9172377438060095
330,new_data\test\image\pexels-photo-586336_0,0.986602783203125,0.9900342784499785,0.9802652281411554,0.993032469602441,0.9870541372442513
331,new_data\test\image\pexels-photo-590140_0,0.9913177490234375,0.992676868428165,0.9854602136249808,0.9951744426094137,0.9901917991116133
332,new_data\test\image\pexels-photo-590513_0,0.99090576171875,0.9937798743451126,0.9876366502790052,0.9927645022728221,0.994797325532804
333,new_data\test\image\pexels-photo-590617_0,0.9646148681640625,0.9819887691937276,0.9646148681640625,0.9991307371349096,0.9654250851392007
334,new_data\test\image\pexels-photo-590798_0,0.965057373046875,0.9792928836241975,0.9594259390503189,0.9906333467491127,0.9682091260191675
335,new_data\test\image\pexels-photo-593349_0,0.986114501953125,0.9918109499298081,0.98375493153864,0.9881650438431331,0.9954838593131853
336,new_data\test\image\pexels-photo-593578_0,0.99957275390625,0.9997863313085681,0.99957275390625,0.99957275390625,1.0
337,new_data\test\image\pexels-photo-594685_0,0.987945556640625,0.986201837426206,0.9727792708979395,0.9883423770348329,0.9840705496880338
338,new_data\test\image\pexels-photo-596146_0,0.9350128173828125,0.5526730385463712,0.3818577648766328,0.8117864856525764,0.41894904458598725
339,new_data\test\image\pexels-photo-601319_0,0.9895782470703125,0.9889847592936054,0.9782095456865748,0.9825668963307163,0.995487012987013
340,new_data\test\image\pexels-photo-60682_0,0.991973876953125,0.9957814028840447,0.99159824936907,0.9990022850889897,0.9925812228191353
341,new_data\test\image\pexels-photo-612872_0,0.985260009765625,0.9879132153850003,0.9761151221441994,0.9896219793442295,0.9862103422433175
342,new_data\test\image\pexels-photo-614510_0,0.9993133544921875,0.9613733905579399,0.9256198347107438,0.9556313993174061,0.9671848013816926
343,new_data\test\image\pexels-photo-615491_0,0.9932861328125,0.9966014768128032,0.9932259753056009,0.9999380017979479,0.9932871439568899
344,new_data\test\image\pexels-photo-620331_0,0.97686767578125,0.9772043786839889,0.9554248750367539,0.9819588407724155,0.972495735192889
345,new_data\test\image\pexels-photo-620334_0,0.9911346435546875,0.9914499727753006,0.9830449120144745,0.9838488273606122,0.9991694844871567
346,new_data\test\image\pexels-photo-62376_0,0.9884796142578125,0.9132483051821211,0.8403467963628675,0.9013381719210706,0.9254774103400093
347,new_data\test\image\pexels-photo-62377_0,0.9689178466796875,0.0,0.0,0.0,0.0
348,new_data\test\image\pexels-photo-625393_0,0.9770965576171875,0.9873248832555037,0.9749670619235836,0.9891708967851099,0.9854857470373055
349,new_data\test\image\pexels-photo-627935_0,0.7816009521484375,0.8166199023715263,0.6900740548265558,0.6922926532562889,0.9953774557266453
350,new_data\test\image\pexels-photo-631037_0,0.9062652587890625,0.6308515113274442,0.4607619382022472,0.599132519118822,0.6661167512690356
351,new_data\test\image\pexels-photo-631214_0,0.9959259033203125,0.9978204259557065,0.9956503323341588,0.9969496280829963,0.9986927463764563
352,new_data\test\image\pexels-photo-631546_0,0.998626708984375,0.9991723833520313,0.9983461354698813,0.9993745631139399,0.9989702853780523
353,new_data\test\image\pexels-photo-633277_0,0.99639892578125,0.9810685063372373,0.9628404975594395,0.9799679487179487,0.9821715387086412
354,new_data\test\image\pexels-photo-634509_0,0.4807586669921875,0.5904709181278808,0.41891361144789196,0.998087798527198,0.41925009399459956
355,new_data\test\image\pexels-photo-63775_0,0.8226776123046875,0.6051978936640054,0.4338951675759938,0.8514482363062804,0.46943185411615895
356,new_data\test\image\pexels-photo-64609_0,0.9769744873046875,0.9263435349245863,0.8627932351336607,0.9116149486021712,0.9415558642587815
357,new_data\test\image\pexels-photo-667247_0,0.97247314453125,0.9758552385031318,0.952848928384736,0.9603793466807166,0.9918380672543258
358,new_data\test\image\pexels-photo-668927_0,1.0,1.0,1.0,1.0,1.0
359,new_data\test\image\pexels-photo-669276_0,1.0,0.0,0.0,0.0,0.0
360,new_data\test\image\pexels-photo-669277_0,0.9782562255859375,0.9801584538910316,0.9610889629184644,0.993732177644767,0.9669505494505495
361,new_data\test\image\pexels-photo-671613_0,0.9875640869140625,0.9926903862884203,0.9854868580383218,0.9886205294937297,0.99679389037987
362,new_data\test\image\pexels-photo-671804_0,0.9887847900390625,0.9898107714701602,0.9798270893371758,0.9960103785955416,0.9836878650942357
363,new_data\test\image\pexels-photo-673058_0,0.9739227294921875,0.0,0.0,0.0,0.0
364,new_data\test\image\pexels-photo-675927_0,0.9658203125,0.9668452680500873,0.9358184579238418,0.9544139563425966,0.9796046909210882
365,new_data\test\image\pexels-photo-679350_0,0.993377685546875,0.9876077893895265,0.975518953068592,0.9926529675123407,0.9826136363636364
366,new_data\test\image\pexels-photo-682013_0,0.7832794189453125,0.8784229132961832,0.7832033336894968,0.9013297732183323,0.8566515293174837
367,new_data\test\image\pexels-photo-682020_0,0.9395904541015625,0.9596189349353842,0.9223725490196079,0.9994263618594375,0.9228611225550781
368,new_data\test\image\pexels-photo-68441_0,0.8966217041015625,0.9027879414001406,0.8228016948265942,0.9718866817016281,0.8428625013396206
369,new_data\test\image\pexels-photo-688675_0,0.9847259521484375,0.9873228555869353,0.9749631074760511,0.990496518778269,0.9841694649935617
370,new_data\test\image\pexels-photo-690729_0,0.9773101806640625,0.9794332028602647,0.9596953434162736,0.9854439187308656,0.9734953671881444
371,new_data\test\image\pexels-photo-690737_0,1.0,0.0,0.0,0.0,0.0
372,new_data\test\image\pexels-photo-690903_0,0.9565887451171875,0.9692661690198663,0.9403651455761209,0.996623272759586,0.9433708337714226
373,new_data\test\image\pexels-photo-691034_0,1.0,0.0,0.0,0.0,0.0
374,new_data\test\image\pexels-photo-691232_SHDJullPaf_0,0.9853668212890625,0.9811291052559082,0.9629572405268647,0.9642608493850081,0.998598037252153
375,new_data\test\image\pexels-photo-691399_0,0.9935455322265625,0.9844719356851804,0.9694187391555813,0.9762650163815071,0.9928180068117873
376,new_data\test\image\pexels-photo-691861_0,0.98809814453125,0.9897489814693127,0.9797059971380252,0.9947429597928885,0.984804895909614
377,new_data\test\image\pexels-photo-694742_0,0.9865570068359375,0.9192261850187953,0.8505259586019681,0.8529862174578867,0.9966202783300199
378,new_data\test\image\pexels-photo-69494_0,0.9519500732421875,0.9612902432728122,0.9254656914956567,0.9339320689819901,0.9902996226223945
379,new_data\test\image\pexels-photo-698848_0,0.993499755859375,0.9778586278586279,0.9566764975083901,0.9775537774082926,0.9781636685036914
380,new_data\test\image\pexels-photo-700535_0,0.9791412353515625,0.9875935925942733,0.9754912507171544,0.9980006603323673,0.9774013329261502
381,new_data\test\image\pexels-photo-700700_0,0.969940185546875,0.9724614180272869,0.946398933420401,0.9891369259206597,0.9563388413846197
382,new_data\test\image\pexels-photo-700701_0,0.9750823974609375,0.9701871291647649,0.9421004112891789,0.9640446992235687,0.9764083342520119
383,new_data\test\image\pexels-photo-700703_uH8OCGIi1J_0,0.922943115234375,0.9566575690474964,0.9169161922937712,0.9925379779523071,0.9232808177194639
384,new_data\test\image\pexels-photo-701747_0,0.993438720703125,0.9712950600801068,0.9441920830629461,0.9466493168510085,0.9972583961617546
385,new_data\test\image\pexels-photo-703836_0,0.98974609375,0.9940880458880248,0.9882455833479098,0.9979157835240922,0.9902895604010377
386,new_data\test\image\pexels-photo-704955_0,0.7963714599609375,0.8761933035838536,0.779665494411148,0.9741114342884254,0.7961626652279471
387,new_data\test\image\pexels-photo-705121_0,0.9783477783203125,0.9618599650584598,0.9265223695111847,0.9524139032309575,0.9714952763600825
388,new_data\test\image\pexels-photo-709575_0,0.9935455322265625,0.9924384619509841,0.9849904194166489,0.9887796537721736,0.9961244482721499
389,new_data\test\image\pexels-photo-709807_0,0.9925079345703125,0.9947715341447572,0.9895974576271186,0.9934069206065633,0.9961399018980592
390,new_data\test\image\pexels-photo-712940_0,0.838104248046875,0.812689781795071,0.684479733547447,0.9692592748557712,0.6996686627959996
391,new_data\test\image\pexels-photo-713133_0,0.9253082275390625,0.9489396768439609,0.902840356483595,0.9534849596478356,0.9444375233586645
392,new_data\test\image\pexels-photo-713955_0,0.9945831298828125,0.993105591268377,0.9863055973459862,0.9882116492096007,0.9980482473260989
393,new_data\test\image\pexels-photo-714025_0,0.992828369140625,0.9688988883006882,0.9396739828006674,0.9597535395909806,0.9782202030999465
394,new_data\test\image\pexels-photo-714031_0,0.99639892578125,0.9629513343799058,0.9285498032092038,0.9359169972535856,0.9915939217588102
395,new_data\test\image\pexels-photo-714037_0,0.9917449951171875,0.8739808991381318,0.7761688043028547,0.866112650046168,0.8819934179595674
396,new_data\test\image\pexels-photo-714063_0,0.9922943115234375,0.9918272887637358,0.98378708103249,0.9860664178143905,0.9976558684681751
397,new_data\test\image\pexels-photo-714155_0,0.9933319091796875,0.9966414842026792,0.9933054521500682,1.0,0.9933054521500682
398,new_data\test\image\pexels-photo-716543_0,0.987762451171875,0.98884561891516,0.9779373332232951,0.9853100141356468,0.9924066888138243
399,new_data\test\image\pexels-photo-716966_0,0.994598388671875,0.9908290155440415,0.981824716332084,0.9861791552782219,0.9955229319589776
400,new_data\test\image\pexels-photo-720276_0,0.990966796875,0.9950105351875264,0.9900706127035775,0.9939215356120559,0.9961019237259534
401,new_data\test\image\pexels-photo-722231_0,0.9881134033203125,0.9916307652639156,0.9834004560080121,0.9965665421408365,0.9867436390848835
402,new_data\test\image\pexels-photo-722904_0,0.8798370361328125,0.914128692466224,0.8418388865457613,0.9002964044847287,0.9283926554297991
403,new_data\test\image\pexels-photo-725458_0,0.9966888427734375,0.9949767355725827,0.9900036852773171,0.9920144017725259,0.9979568144880427
404,new_data\test\image\pexels-photo-730055_0,0.99383544921875,0.9967606921214259,0.9935423027125525,0.9957866068567767,0.9977366849658095
405,new_data\test\image\pexels-photo-730837_0,0.9792938232421875,0.9660724554341575,0.9343715239154616,0.99906919019547,0.9351856333801248
406,new_data\test\image\pexels-photo-731794_sNHLIf9pHk_0,0.999603271484375,0.9998015963860019,0.999603271484375,0.999603271484375,1.0
407,new_data\test\image\pexels-photo-732629_0,0.986724853515625,0.9827763699714919,0.9661360009341793,0.9961472087329936,0.9697597186950576
408,new_data\test\image\pexels-photo-732843_0,0.9699554443359375,0.9833891527539924,0.9673211292383782,0.9957970271655561,0.971286683220291
409,new_data\test\image\pexels-photo-733697_0,0.9952545166015625,0.9870755932344263,0.9744810043488964,0.995056556346879,0.979221635883905
410,new_data\test\image\pexels-photo-736509_0,0.9598846435546875,0.6391214824982842,0.4696388944926367,0.9406060606060606,0.483991683991684
411,new_data\test\image\pexels-photo-743861_0,0.9948272705078125,0.9972856765391175,0.9945860482943657,0.9950150984997364,0.9995666409861325
412,new_data\test\image\pexels-photo-743937_7TZxmJGKVc_0,0.958770751953125,0.9755430847212165,0.9522538919616194,0.9906430383469981,0.9608965443457794
413,new_data\test\image\pexels-photo-745136_0,0.9827880859375,0.9877548361883671,0.9758059326941638,0.9811300409747682,0.9944697035935998
414,new_data\test\image\pexels-photo-746801_0,0.983154296875,0.9906383556068109,0.981450366288057,0.9847595926899994,0.9965877294751928
415,new_data\test\image\pexels-photo-747007_0,0.9830780029296875,0.9913930259450985,0.9829329475676757,0.9998747612636588,0.9830539779286143
416,new_data\test\image\pexels-photo-749074_0,0.9859161376953125,0.873092259040286,0.7747681795998048,0.7781862745098039,0.9943626683369872
417,new_data\test\image\pexels-photo-751160_0,1.0,1.0,1.0,1.0,1.0
418,new_data\test\image\pexels-photo-751245_0,1.0,0.0,0.0,0.0,0.0
419,new_data\test\image\pexels-photo-752398_0,0.3679656982421875,0.1376912667846362,0.07393578966195671,0.9862809424396063,0.07401190636050312
420,new_data\test\image\pexels-photo-753603_0,0.9812469482421875,0.9186362131744455,0.8495163462715808,0.9565696952984972,0.8835965359144167
421,new_data\test\image\pexels-photo-755401_0,0.99322509765625,0.9944971866246932,0.9890546037224208,0.9931678094908037,0.9958301273300405
422,new_data\test\image\pexels-photo-756453_0,0.9863433837890625,0.9929027397803418,0.9859055118110236,1.0,0.9859055118110236
423,new_data\test\image\pexels-photo-756565_0,0.9240875244140625,0.8817250315003685,0.7884688974871381,0.8425261244888687,0.9247494140527602
424,new_data\test\image\pexels-photo-757056_0,0.9546051025390625,0.967021028943897,0.9361478365384616,0.9899230612105944,0.9451547195978157
425,new_data\test\image\pexels-photo-758855_0,0.9876251220703125,0.0,0.0,0.0,0.0
426,new_data\test\image\pexels-photo-758857_0,0.9367523193359375,0.9589738006393951,0.9211812356196163,0.9951929002834956,0.9252984433196447
427,new_data\test\image\pexels-photo-763219_0,0.99505615234375,0.9969113441372736,0.9938417091157911,0.9959619047619047,0.9978625954198473
428,new_data\test\image\pexels-photo-764340_0,0.956207275390625,0.9771150625946894,0.9552541315871531,0.9997552419025862,0.9554775828460039
429,new_data\test\image\pexels-photo-768108_0,0.95849609375,0.9682606361875423,0.9384740663665769,0.9903800248257424,0.9471077021412592
430,new_data\test\image\pexels-photo-769726_0,0.9398956298828125,0.9549782263318513,0.9138357213168544,0.9933658304601117,0.9194471344308478
431,new_data\test\image\pexels-photo-769729_0,0.99420166015625,0.9939724636761627,0.9880171543895055,0.989452409524411,0.9985340047166805
432,new_data\test\image\pexels-photo-769731_0,0.9737396240234375,0.9865537420599886,0.9734642901196496,1.0,0.9734642901196496
433,new_data\test\image\pexels-photo-769750_0,0.993408203125,0.9965898864874252,0.9932029516811681,0.9995882883881491,0.9936094190237836
434,new_data\test\image\pexels-photo-769773_0,0.9600067138671875,0.9781556027836813,0.9572451592907362,0.9995060550833745,0.957698208049091
435,new_data\test\image\pexels-photo-769774_0,0.9921417236328125,0.9947219005257601,0.9894992251855477,0.9976769047325357,0.9917843493899573
436,new_data\test\image\pexels-photo-770136_0,0.99200439453125,0.9923004584459857,0.9847185768445611,0.9948146838724884,0.9897989095386058
437,new_data\test\image\pexels-photo-770158_0,0.91278076171875,0.9448294500318515,0.8954281846288945,0.9930409024509008,0.9010825140837292
438,new_data\test\image\pexels-photo-773327_0,0.982147216796875,0.5845170454545454,0.4129453085800301,0.42205128205128206,0.9503464203233256
439,new_data\test\image\pexels-photo-774557_0,0.99993896484375,0.999969481490524,0.99993896484375,0.99993896484375,1.0
440,new_data\test\image\pexels-photo-775325_0,0.998809814453125,0.9994028753846861,0.9988064634594197,1.0,0.9988064634594197
441,new_data\test\image\pexels-photo-775358_0,0.942718505859375,0.9687109303372284,0.9393204668153752,0.9394723228142783,0.9998279481091498
442,new_data\test\image\pexels-photo-776216_0,0.995361328125,0.9943851353847291,0.988832972119164,0.9937243899737901,0.995046760063579
443,new_data\test\image\pexels-photo-776944_0,0.9602813720703125,0.9493806273457402,0.9036389886351016,0.9872997896780457,0.9142664519270385
444,new_data\test\image\pexels-photo-777155_yBOc5wst95_0,0.984344482421875,0.9860042560157145,0.9723948664137542,0.9980944490472246,0.9742034611030245
445,new_data\test\image\pexels-photo-783344_0,0.992431640625,0.9759316770186336,0.9529946929492039,0.9727219965177016,0.9791626095423563
446,new_data\test\image\pexels-photo-784028_0,0.9939117431640625,0.9967156979759151,0.9934528986101767,0.9946606647061723,0.9987792404896235
447,new_data\test\image\pexels-photo-784155_0,0.9299163818359375,0.0,0.0,0.0,0.0
448,new_data\test\image\pexels-photo-784375_0,0.9562225341796875,0.9702518586107857,0.9422224907362655,0.9914180369554162,0.9499705589734219
449,new_data\test\image\pexels-photo-786265_0,1.0,0.0,0.0,0.0,0.0
450,new_data\test\image\pexels-photo-787472_0,0.9615631103515625,0.920803596692552,0.8532307871584222,0.8862260953764222,0.9581888372701695
451,new_data\test\image\pexels-photo-787581_0,0.9958038330078125,0.9593135079153721,0.9218083593972135,0.9839150227617602,0.9359122401847575
452,new_data\test\image\pexels-photo-788218_HmHgpPsHsX_0,0.9932403564453125,0.9940695323899919,0.9882089909770834,0.9931521506526857,0.99498861047836
453,new_data\test\image\pexels-photo-788741_0,0.9907073974609375,0.9947254003585688,0.9895061515663232,0.9898643407512109,0.9996344392995161
454,new_data\test\image\pexels-photo-791085_0,0.9773406982421875,0.9502195702457176,0.9051603014433517,0.9547322330751095,0.9457493660750034
455,new_data\test\image\pexels-photo-792537_yBAzy3yZcW_0,0.974517822265625,0.984147475936438,0.9687897136876729,0.9898604136034677,0.9785001038186383
456,new_data\test\image\pexels-photo-792776_fHzosf2RPV_0,0.979705810546875,0.9721652505127454,0.9458380843785633,0.9620976761526034,0.9824457510257604
457,new_data\test\image\pexels-photo-792906_G4bGW1y54r_0,0.9646759033203125,0.8392026116552059,0.7229535662996649,0.9543443917851501,0.7488533531672245
458,new_data\test\image\pexels-photo-793253_0,0.9859619140625,0.988376500315856,0.9770201074060197,0.9819007932523346,0.9949381899577758
459,new_data\test\image\pexels-photo-794432_0,0.9925384521484375,0.9943311577653865,0.9887262247838616,0.9929613336420468,0.9957047665482576
460,new_data\test\image\pexels-photo-795160_0,0.9937744140625,0.9846950258834121,0.9698514741742408,0.99847850893876,0.9712869089025383
461,new_data\test\image\pexels-photo-795771_0,0.9299163818359375,0.9599811799147868,0.9230421232532422,0.9971762150420852,0.9254611430299365
462,new_data\test\image\pexels-photo-795825_NWYTnhd29j_0,0.992034912109375,0.9929396488760246,0.985978295906307,0.9911432737484474,0.9947425474254743
463,new_data\test\image\pexels-photo-796060_0,0.9412689208984375,0.7157101706182141,0.5572808833678399,0.5587590819974628,0.9952752670501233
464,new_data\test\image\pexels-photo-797366_0,0.98712158203125,0.9915378291122742,0.9832176731423118,0.9953700907864806,0.9877349633447194
465,new_data\test\image\pexels-photo-797408_0,0.987884521484375,0.9868036165403536,0.9739509858600439,0.9791549853227349,0.9945726825019263
466,new_data\test\image\pexels-photo-797770_0,0.994781494140625,0.9965872350616692,0.9931976848260636,0.9951572402247997,0.9980213454850702
467,new_data\test\image\pexels-photo-799965_0,0.9893951416015625,0.993819969944602,0.9877158562666808,0.9965404094443255,0.9911143429757197
468,new_data\test\image\pexels-photo-800212_0,0.8128814697265625,0.7390129184668099,0.5860590717299579,0.9771499324628545,0.5942024025462884
469,new_data\test\image\pexels-photo-802457_0,1.0,1.0,1.0,1.0,1.0
470,new_data\test\image\pexels-photo-802522_0,0.8970184326171875,0.9056070714275725,0.8274971884265413,0.9916077062084597,0.8333333333333334
471,new_data\test\image\pexels-photo-803968_cxuub1Q6aC_0,0.9959869384765625,0.9936618869743342,0.9874036112840653,0.9935900525326522,0.9937337318037212
472,new_data\test\image\pexels-photo-804430_0,0.9748382568359375,0.9776585511252015,0.9562935672824617,0.9955300480105954,0.9604173876008198
473,new_data\test\image\pexels-photo-804607_0,0.9951934814453125,0.9572417537667979,0.9179901067430357,0.9802613288851821,0.9352785145888595
474,new_data\test\image\pexels-photo-805178_0,0.93316650390625,0.9654279670381714,0.93316650390625,0.93316650390625,1.0
475,new_data\test\image\pexels-photo-807843_0,0.983551025390625,0.9727970122135864,0.947034835159436,0.9964330024813896,0.9502563596923683
476,new_data\test\image\pexels-photo-808908_0,0.98516845703125,0.9871268508462904,0.9745809252334005,0.9802977693602694,0.9940517471325687
477,new_data\test\image\pexels-photo-808964_0,0.9156036376953125,0.9412763969549938,0.8890671694177581,0.905040935911309,0.980534418686958
478,new_data\test\image\pexels-photo-811011_0,0.9165191650390625,0.9078847675652013,0.8313085841144549,0.8334672931865957,0.9968940654464781
479,new_data\test\image\pexels-photo-812745_0,0.9929046630859375,0.9959062937432321,0.9918459676995107,0.9955469506292353,0.9962658963610104
480,new_data\test\image\pexels-photo-813283_0,0.4873809814453125,0.6315731754126227,0.4615322968424427,0.9955744563150434,0.46248112813594167
481,new_data\test\image\pexels-photo-813544_0,0.988922119140625,0.9933986797359472,0.9868839427662957,0.9975529583637692,0.9892788583432939
482,new_data\test\image\pexels-photo-813940_q7nmAaYz0A_0,0.998077392578125,0.9990309481326525,0.9980637725701114,0.9980791099363802,0.9999846035411856
483,new_data\test\image\pexels-photo-813961_0,0.732391357421875,0.8440595379937048,0.7301929171410111,0.993531911330668,0.7336806145950876
484,new_data\test\image\pexels-photo-818556_0,0.997802734375,0.9963922433231448,0.9928104248839184,0.9950460368294636,0.9977420973406924
485,new_data\test\image\pexels-photo-819150_0,0.97998046875,0.9728353140916808,0.947107438016529,0.9965640111987784,0.9502103219543763
486,new_data\test\image\pexels-photo-819482_0,0.9959716796875,0.9969867829342343,0.9939916702701472,0.9965090809528155,0.9974649431325081
487,new_data\test\image\pexels-photo-821382_0,0.9697265625,0.9794854826701961,0.9597957364026911,0.9777869529314616,0.9811899237653298
488,new_data\test\image\pexels-photo-821419_0,0.98602294921875,0.9927794419044617,0.9856624092161282,0.9871611982881597,0.9984620019343893
489,new_data\test\image\pexels-photo-824113_0,0.9742279052734375,0.9855243874219011,0.9714618815896188,0.9801230800702341,0.9909855562066945
490,new_data\test\image\pexels-photo-825706_0,0.9892578125,0.9881879194630873,0.9766516317325551,0.9795103778605642,0.997020585048754
491,new_data\test\image\pexels-photo-825860_wyhja5jIzr_0,0.9893035888671875,0.9743758453046752,0.9500320764131442,0.9730597941154997,0.9756954612005857
492,new_data\test\image\pexels-photo-825996_0,0.998077392578125,0.9990377712950377,0.998077392578125,1.0,0.998077392578125
493,new_data\test\image\pexels-photo-833052_0,0.9989166259765625,0.9930138738561448,0.986124682431112,0.989799921537858,0.996248766041461
494,new_data\test\image\pexels-photo-833169_0,0.9920654296875,0.9897625703823286,0.9797326265736446,0.9854941780687655,0.9940680982322933
495,new_data\test\image\pexels-photo-833185_KHjpHKhX3f_0,0.9751434326171875,0.979067884815543,0.9589941096511101,0.9909223326223794,0.9674937146049725
496,new_data\test\image\pexels-photo-835907_0,0.98748779296875,0.9910298203776227,0.9822191382787259,0.9840328467153284,0.9981270107090917
497,new_data\test\image\pexels-photo-835942_0,0.99560546875,0.9920996324134526,0.9843231179576506,0.9881960762883217,0.9960341503717984
498,new_data\test\image\pexels-photo-835969_o4Lyl8nM5g_0,0.98187255859375,0.899729912221472,0.8177355016876342,0.8337243860472392,0.9770852428964253
499,new_data\test\image\pexels-photo-835986_0,0.984100341796875,0.9899782637967184,0.9801554048906833,0.9965147349262286,0.983526983641645
500,new_data\test\image\pexels-photo-838574_0,1.0,1.0,1.0,1.0,1.0
501,new_data\test\image\pexels-photo-839604_0,0.9965972900390625,0.9981983728802605,0.9964032258064516,0.9972718173893391,0.9991266516795783
502,new_data\test\image\pexels-photo-840266_nUmtBFybka_0,0.925201416015625,0.9332298136645962,0.8748180494905385,0.9142270022150463,0.9530393656975935
503,new_data\test\image\pexels-photo-840667_0,0.994842529296875,0.9735400031313606,0.9484441732763881,0.9988755020080321,0.94945793250878
504,new_data\test\image\pexels-photo-848203_0,0.9633941650390625,0.9226153995032418,0.8563473053892215,0.8607800650054171,0.9940223813164663
505,new_data\test\image\pexels-photo-848305_0,0.952117919921875,0.9404983124123023,0.8876798625527955,0.9701521730626296,0.9126034958601656
506,new_data\test\image\pexels-photo-848607_0,0.96209716796875,0.0,0.0,0.0,0.0
507,new_data\test\image\pexels-photo-848699_0,0.969970703125,0.9638168781025924,0.930160758011285,0.9948003643540306,0.934705085229299
508,new_data\test\image\pexels-photo-852485_0,0.98858642578125,0.9832256907068533,0.9670048522276136,0.9947815038344602,0.9719352693416095
509,new_data\test\image\pexels-photo-852793_0,0.9255523681640625,0.9532282030388727,0.9106361155374837,0.9145390331837245,0.9953354287201457
510,new_data\test\image\pexels-photo-852854_0,0.8850250244140625,0.8873574215538248,0.7975224377922288,0.9008377344745948,0.8742746045305918
511,new_data\test\image\pexels-photo-852858_0,0.9840545654296875,0.9777095198481262,0.9563911029503819,0.9850848914678701,0.9704437669376694
512,new_data\test\image\pexels-photo-852943_0,0.9924774169921875,0.9788166544923301,0.9585121602288984,0.9638656173309639,0.9942388268156425
513,new_data\test\image\pexels-photo-853169_0,0.9996490478515625,0.9321533923303835,0.8729281767955801,0.9813664596273292,0.8876404494382022
514,new_data\test\image\pexels-photo-855248_0,0.99749755859375,0.0,0.0,0.0,0.0
515,new_data\test\image\pexels-photo-859194_0,0.9824676513671875,0.9830847821926479,0.9667322948636284,0.992656677369485,0.9736957219095389
516,new_data\test\image\pexels-photo-859209_0,0.851654052734375,0.8925555899385527,0.8059597229706804,0.9992329011184796,0.8064586994727593
517,new_data\test\image\pexels-photo-860481_0,0.9942626953125,0.9775280898876404,0.9560439560439561,0.9770609318996416,0.9779956948098542
518,new_data\test\image\pexels-photo-860491_0,0.99884033203125,0.0,0.0,0.0,0.0
519,new_data\test\image\pexels-photo-860645_0,0.9973907470703125,0.9986936692615029,0.9973907470703125,0.9974972912756185,0.9998929205164291
520,new_data\test\image\pexels-photo-863075_0,0.9989471435546875,0.999473294504706,0.9989471435546875,1.0,0.9989471435546875
521,new_data\test\image\pexels-photo-864078_0,0.924346923828125,0.9552413967428592,0.9143178086926467,0.9889713441875245,0.9237363596682672
522,new_data\test\image\pexels-photo-866019_0,0.971954345703125,0.9782588123964987,0.9574428673967909,0.9596203383537165,0.9976356486284349
523,new_data\test\image\pexels-photo-866821_0,0.9822235107421875,0.9831093326374089,0.9667797770110353,0.9932036559643778,0.9732181301489795
524,new_data\test\image\pexels-photo-867852_0,1.0,0.0,0.0,0.0,0.0
525,new_data\test\image\pexels-photo-868866_0,0.988739013671875,0.9920060658578856,0.9841389241118442,0.9935558062836313,0.9904611524485205
526,new_data\test\image\pexels-photo-873513_0,0.9969635009765625,0.9961895643848732,0.9924080573783001,0.9967430454440953,0.9956366976690779
527,new_data\test\image\pexels-photo-874283_0,0.8094940185546875,0.7978563217460292,0.663694644973602,0.7752257496145738,0.821847898599066
528,new_data\test\image\pexels-photo-875722_0,0.8739013671875,0.9210606755311019,0.8536723563991784,0.9992952783650458,0.8541865986322242
529,new_data\test\image\pexels-photo-878119_0,0.9227447509765625,0.9276455877098964,0.8650550387803513,0.9227007818052594,0.9326436781609195
530,new_data\test\image\pexels-photo-879471_0,0.969970703125,0.983032142364464,0.9666304937601736,0.996678205531662,0.9697547035008335
531,new_data\test\image\pexels-photo-879651_0,0.9087371826171875,0.9482034450208278,0.9015084148470177,0.9986501030664551,0.9026083228912485
532,new_data\test\image\pexels-photo-880470_0,0.97369384765625,0.9621082245373423,0.9269831858032274,0.9675522744352593,0.9567250950736548
533,new_data\test\image\pexels-photo-881638_0,0.9864349365234375,0.8919674322517924,0.8050010967317394,0.9230382293762576,0.8629202915588996
534,new_data\test\image\pexels-photo-883090_0,0.953033447265625,0.9425874804148325,0.8914094196507321,0.8984461117235003,0.9912903605476873
535,new_data\test\image\pexels-photo-884417_0,0.9884185791015625,0.9935132086114506,0.9871100317578928,0.9882849029976366,0.9987971268515654
536,new_data\test\image\pexels-photo-884421_0,0.9961700439453125,0.9863772048846676,0.97312058256586,0.9795192411339873,0.9933318758198514
537,new_data\test\image\pexels-photo-9058_0,0.8984832763671875,0.7820046528392149,0.6420423975034972,0.9394583530152731,0.6697536061065275
538,new_data\test\image\pexels-photo-91626_0,0.99346923828125,0.933807609031859,0.8758340586016826,0.8832650672908133,0.990485564304462
539,new_data\test\image\pexels-photo-91950_0,0.993377685546875,0.9964910011157646,0.9930065422669117,0.9970069083790386,0.9959756274950301
540,new_data\test\image\pexels-photo-93140_0,0.9896087646484375,0.9871700672582377,0.9746651785714285,0.9945714068787488,0.9798780715861914
541,new_data\test\image\photographer-ocean-woman-with-camera-center-591670_0,0.89532470703125,0.892036512433113,0.8051136363636363,0.9795382275680907,0.8188858067498844
542,new_data\test\image\plank-fitness-muscular-exercising-163437_0,0.9821929931640625,0.9782255807444724,0.9573792045579052,0.9902538531278332,0.9664860081849352
543,new_data\test\image\portrait-child-hands-57449_0,0.99993896484375,0.999969481490524,0.99993896484375,0.99993896484375,1.0
544,new_data\test\image\portrait-of-a-girl-girl-hair-makeup-159072_0,0.9931793212890625,0.9326908598102696,0.8738713318284425,0.8768403171007928,0.9961402380186555
545,new_data\test\image\portrait-studio-female-underwear-104840_0,0.9874267578125,0.9879295696247034,0.9761470545665074,0.9770804357904497,0.999022338093263
546,new_data\test\image\portrait-sunset-beauty-young-women_0,0.8304290771484375,0.8710893546927744,0.7716193999177969,0.9832403697593421,0.7819033735943357
547,new_data\test\image\pylon-flight-girl-model-163497_0,0.9553985595703125,0.9645176561987885,0.9314670230475253,0.9433890577507599,0.9866143492189634
548,new_data\test\image\review-viewing-platform-view-sky-160407_0,0.9577484130859375,0.9501951544148065,0.9051159921872323,0.9939042745334136,0.9101684986733745
549,new_data\test\image\smile-color-laugh-black-157907_0,0.998779296875,0.9993892756809576,0.998779296875,0.998779296875,1.0
550,new_data\test\image\soccer-football-soccer-player-goal-keeper-159636_0,0.9904937744140625,0.9927179643028298,0.9855412179725214,0.9857471157640614,0.9997881056646419
551,new_data\test\image\softball-player-female-youth-163375_0,0.99688720703125,0.9984323609873051,0.9968696292658974,1.0,0.9968696292658974
552,new_data\test\image\soldier-military-uniform-american_0,0.935638427734375,0.9019662529633246,0.8214376428752858,0.8402182385035074,0.9735099337748344
553,new_data\test\image\sunglasses-white-dress-fashion-model-157887_0,0.93243408203125,0.9616124837451235,0.9260632169513601,0.9991352753607523,0.9268060359953878
554,new_data\test\image\tea-summer-pretty-young-woman-vintage-37832_0,0.8080902099609375,0.8335120395006818,0.7145483431684068,0.8195069890933702,0.8480040941658137
555,new_data\test\image\tourist-girl-backpack-vacation-163259_0,0.99871826171875,0.9993576901313677,0.998716204857025,0.998716204857025,1.0
556,new_data\test\image\tulips-yellow-blonde-pretty-young-woman-37606_0,0.8480224609375,0.870014616830236,0.7699343989651668,0.9945100847356486,0.773220747889023
557,new_data\test\image\vintage-woman-on-bed-retro-bedroom-37738_0,0.8698577880859375,0.6951860190843787,0.53278553820871,0.940073458341388,0.5515168698610717
558,new_data\test\image\water-splashing-childhood-child-160976_0,0.9723052978515625,0.9795844909620598,0.9599858903414978,0.9813617002095963,0.9778137069972155
559,new_data\test\image\wedding-dresses-character-fashion-individuality-157997_0,0.835601806640625,0.9080873571062958,0.8316483585168055,0.8316873456886583,0.9999436365685943
560,new_data\test\image\wildernessculture-rei1440project-welltravelled-awesomeearth_0,0.9982147216796875,0.9656387665198238,0.9335604770017035,0.9867947178871549,0.9453709028177113
561,new_data\test\image\woman-poses-e-learning-female-159750_0,0.9848785400390625,0.9913259634657634,0.9828011107254425,0.9972176730589748,0.9855034631582611
562,new_data\test\image\woman-pregnant-pier-belly-54634_0,0.9983367919921875,0.9987870964870308,0.997577131679559,0.998642634623943,0.9989316001513566
563,new_data\test\image\women-modeling-style-skin_0,0.998809814453125,0.8617021276595744,0.7570093457943925,0.7570093457943925,1.0
564,new_data\test\image\women-sexy-outdoors-girl-48843_0,0.974609375,0.9837490477957693,0.9680178362067309,0.9921596438350767,0.9754798473785129
565,new_data\test\image\young-girl-ballerina-dance-591679_0,0.9937896728515625,0.9931671283471838,0.9864269992663243,0.9871183046888036,0.9992905405405406
566,new_data\test\image\young-woman-pretty-shooting-157717_0,0.9867095947265625,0.9927869286891423,0.9856771689798066,0.9917110618444128,0.9938651323970752
